node_id,username,party,out_degree,in_degree,out_strength,in_strength,betweenness,closeness,eigenvector
367,SpeakerPelosi,Democrat,210,51,0.943639,0.240261,0.041412,0.456647,0.005523
399,SteveScalise,Republican,89,63,0.935115,0.460269,0.012466,0.482197,0.110971
393,RepBobbyRush,Democrat,111,79,0.869416,0.357225,0.027178,0.508584,0.011131
322,GOPLeader,Republican,157,127,0.827219,1.648282,0.073041,0.561611,0.376579
470,RepJoeWilson,Republican,38,21,0.695238,0.102018,0.004516,0.457088,0.018241
436,RepMarkTakano,Democrat,85,9,0.649746,0.025864,0.001627,0.385679,0.000506
164,RepJamesComer,Republican,38,11,0.603015,0.053671,0.000988,0.4,0.017376
226,RepBobGood,Republican,30,14,0.540541,0.044801,0.000697,0.390767,0.013103
159,RepCloudTX,Republican,37,15,0.526316,0.090193,0.000321,0.404092,0.029293
208,RepFranklin,Republican,61,121,0.518325,0.830226,0.01686,0.547344,0.156607
321,RepLucyMcBath,Democrat,45,3,0.503704,0.009846,0.000323,0.33833,0.000221
49,SenMikeLee,Other,47,7,0.478947,0.025627,0.003846,0.372935,0.002518
422,RepSpartz,Republican,62,10,0.475676,0.035672,0.002317,0.420586,0.004602
135,RepCori,Democrat,46,26,0.474104,0.130584,0.001828,0.432482,0.004815
328,PatrickMcHenry,Republican,21,8,0.457944,0.029326,0.000614,0.393361,0.008184
179,rosadelauro,Democrat,84,29,0.453731,0.092369,0.004633,0.430127,0.002746
274,RepJohnKatko,Republican,34,13,0.446667,0.103855,0.002654,0.422837,0.011021
264,RepJeffries,Democrat,33,3,0.446043,0.012787,0.002487,0.323549,0.000132
220,replouiegohmert,Republican,34,40,0.440299,0.342857,0.000893,0.419841,0.091124
155,RepKClark,Democrat,48,55,0.423333,0.224412,0.006294,0.486154,0.008213
154,RepJudyChu,Democrat,42,33,0.418994,0.133968,0.004014,0.468843,0.005196
129,VernBuchanan,Republican,24,24,0.408333,0.183245,0.001342,0.431301,0.050361
298,RepBarbaraLee,Democrat,68,40,0.407692,0.186575,0.00478,0.45229,0.006653
354,RepRalphNorman,Republican,50,46,0.406114,0.201443,0.003583,0.453155,0.05393
396,RepMariaSalazar,Republican,30,18,0.40411,0.111148,0.001726,0.430909,0.022882
255,RepRichHudson,Republican,38,20,0.397351,0.136341,0.001909,0.427027,0.048654
440,RepTiffany,Republican,33,31,0.394737,0.206023,0.001656,0.449715,0.059057
118,RepBoebert,Republican,40,22,0.390909,0.111211,0.001651,0.411458,0.033936
464,RepWesterman,Republican,47,41,0.377953,0.242337,0.0061,0.48866,0.058849
402,RepAdamSchiff,Democrat,40,8,0.360465,0.017003,0.001759,0.422837,0.005234
29,SenGillibrand,Other,22,3,0.346154,0.018414,0.000303,0.288497,0.000103
71,SenSchumer,Other,97,25,0.341577,0.17518,0.008402,0.408621,0.002196
70,SenSanders,Other,33,8,0.341232,0.03129,0.000533,0.376789,0.00096
438,BennieGThompson,Democrat,29,14,0.335616,0.061147,0.000557,0.408621,0.002258
76,SenTinaSmith,Other,36,14,0.334928,0.086283,0.001655,0.394343,0.002073
450,RepUnderwood,Democrat,44,26,0.333333,0.124609,0.002412,0.435662,0.004727
337,RepMaryMiller,Republican,32,7,0.329545,0.01428,0.000139,0.374704,0.00411
178,RepDianaDeGette,Democrat,40,4,0.329114,0.010187,0.000454,0.340517,0.000205
120,RepBost,Republican,30,3,0.328671,0.004779,0.000187,0.37619,0.004736
329,RepMcKinley,Republican,38,8,0.326203,0.041167,0.001338,0.39899,0.00673
423,RepSpeier,Democrat,58,38,0.321678,0.159429,0.006735,0.453589,0.005836
310,RepBlaine,Republican,20,13,0.318584,0.128924,0.000408,0.395,0.012994
456,RepAnnWagner,Republican,25,0,0.317308,0,0.0,0.0,0.0
383,cathymcmorris,Republican,61,38,0.313063,0.212152,0.008888,0.451859,0.057138
171,RepJasonCrow,Democrat,50,50,0.312303,0.36837,0.009279,0.500528,0.017138
87,SenWarren,Other,71,48,0.310212,0.303632,0.008417,0.451429,0.007452
9,SenSherrodBrown,Other,40,23,0.299639,0.111147,0.00261,0.407216,0.002549
388,RepDavidRouzer,Republican,20,11,0.298077,0.037872,0.000593,0.415789,0.016546
90,RonWyden,Other,32,17,0.296736,0.070997,0.001638,0.396985,0.001734
84,ChrisVanHollen,Other,37,18,0.296296,0.066406,0.002565,0.406867,0.002149
375,RepKatiePorter,Democrat,40,24,0.291045,0.106695,0.002693,0.420959,0.003577
50,SenatorLujan,Other,51,19,0.290541,0.067764,0.003531,0.411458,0.001443
112,RepBice,Republican,40,40,0.288079,0.293245,0.004076,0.454894,0.090843
241,RepHarshbarger,Republican,23,13,0.286713,0.0507,0.000275,0.396985,0.018485
98,RepArrington,Republican,30,6,0.279762,0.030225,0.000387,0.356659,0.008395
323,RepMcCaul,Republican,41,19,0.279221,0.112041,0.003583,0.445489,0.030037
446,RepRitchie,Democrat,42,53,0.276978,0.268892,0.004954,0.487654,0.009636
307,RepLoudermilk,Republican,27,9,0.275168,0.037479,0.000215,0.382876,0.016044
405,RepKimSchrier,Democrat,34,12,0.273128,0.059963,0.00175,0.413252,0.006002
42,timkaine,Other,23,13,0.272727,0.045205,0.00086,0.397318,0.001035
290,RepLaMalfa,Republican,33,18,0.272222,0.071062,0.001104,0.424351,0.021541
113,RepAndyBiggsAZ,Republican,65,77,0.271186,0.638543,0.012722,0.502651,0.192274
80,SenJohnThune,Other,33,19,0.268482,0.065685,0.002005,0.401355,0.003882
95,RepRickAllen,Republican,33,23,0.26506,0.143835,0.001297,0.436063,0.02819
219,RepCarlos,Republican,25,16,0.262458,0.145205,0.001498,0.421333,0.052709
455,NydiaVelazquez,Democrat,41,12,0.256881,0.061442,0.001051,0.402719,0.002631
237,RepGrothman,Republican,38,22,0.256303,0.091948,0.001084,0.423214,0.031171
429,RepBryanSteil,Republican,46,12,0.255591,0.112815,0.00156,0.404782,0.035161
132,RepTedBudd,Republican,24,70,0.253731,0.387554,0.002704,0.468843,0.071133
109,RepBeatty,Democrat,35,43,0.252396,0.179703,0.005278,0.454458,0.005993
125,RepMoBrooks,Republican,16,29,0.252101,0.162054,0.000226,0.428571,0.046761
370,RepPfluger,Republican,51,46,0.249351,0.30619,0.007077,0.491192,0.102213
451,RepDavidValadao,Republican,20,16,0.248062,0.081104,0.000669,0.428959,0.015743
19,SenTomCotton,Other,24,6,0.247525,0.027485,0.000352,0.343727,0.001237
236,RepRaulGrijalva,Democrat,45,49,0.245495,0.304336,0.004667,0.469307,0.012944
31,ChuckGrassley,Other,43,0,0.243028,0,0.0,0.0,0.0
46,SenAmyKlobuchar,Other,41,41,0.242321,0.276811,0.007453,0.484663,0.006319
266,RepDustyJohnson,Republican,25,17,0.241573,0.117201,0.001877,0.420959,0.007623
199,RepFeenstra,Republican,17,19,0.241228,0.218944,0.000947,0.439703,0.06265
260,RepRonnyJackson,Republican,25,11,0.240876,0.047179,0.000315,0.412533,0.010806
202,RepBrianFitz,Republican,51,6,0.238806,0.039794,0.001194,0.367442,0.001649
348,RepRichardNeal,Democrat,22,5,0.238411,0.014767,0.000589,0.359909,0.00075
296,RepLawrence,Democrat,51,32,0.238245,0.139502,0.002011,0.44382,0.004466
270,RepMondaire,Democrat,30,22,0.237443,0.071131,0.000984,0.426259,0.002576
347,gracenapolitano,Democrat,15,34,0.235294,0.195914,0.00094,0.442164,0.008179
432,RepChrisStewart,Republican,23,15,0.235294,0.080435,0.001164,0.434464,0.026505
254,LeaderHoyer,Democrat,79,108,0.233333,0.524778,0.030683,0.5186,0.01335
346,RepJerryNadler,Democrat,52,38,0.230769,0.133462,0.007415,0.487153,0.005635
269,RepMikeJohnson,Republican,57,106,0.230277,0.965445,0.011213,0.535593,0.254816
101,RepBrianBabin,Republican,34,23,0.229682,0.124914,0.001073,0.410035,0.06021
24,SenDuckworth,Other,42,33,0.22449,0.121205,0.003306,0.418728,0.002273
467,RepNikema,Democrat,49,34,0.221797,0.176027,0.003217,0.438483,0.00634
403,RepSchneider,Democrat,41,8,0.221675,0.025723,0.001099,0.390123,0.001712
61,SenAlexPadilla,Other,46,38,0.221532,0.240581,0.006181,0.435662,0.004326
471,RobWittman,Republican,19,13,0.221239,0.05346,0.001581,0.411101,0.007035
245,RepHerrell,Republican,43,53,0.219907,0.410707,0.005351,0.504792,0.108873
218,RepBobGibbs,Republican,24,23,0.219697,0.076286,0.000932,0.434862,0.023856
248,RepClayHiggins,Republican,25,35,0.21831,0.224589,0.000734,0.429348,0.052736
461,RepBonnie,Democrat,62,75,0.216612,0.508192,0.014342,0.53139,0.028463
105,RepJimBanks,Republican,75,47,0.21598,0.365559,0.007934,0.469307,0.079147
56,JerryMoran,Other,27,11,0.215385,0.042832,0.002002,0.378897,0.001248
386,RepRosendale,Republican,36,74,0.21519,0.379552,0.004212,0.485656,0.096103
289,RepLaHood,Republican,18,12,0.21466,0.059356,0.000912,0.413974,0.023642
41,SenRonJohnson,Other,20,13,0.208835,0.047705,0.000773,0.408621,0.007723
185,MarioDB,Republican,19,33,0.208696,0.295302,0.003294,0.466535,0.052149
379,RepRaskin,Democrat,29,20,0.208531,0.056246,0.000917,0.41652,0.001859
271,Jim_Jordan,Republican,53,45,0.206486,0.365196,0.005813,0.472112,0.12322
136,RepCheri,Democrat,47,51,0.204918,0.274675,0.007733,0.484663,0.014169
278,RepRobinKelly,Democrat,27,27,0.204819,0.112737,0.001084,0.448439,0.004874
376,RepPressley,Democrat,43,48,0.202465,0.34903,0.003349,0.455331,0.011935
65,SenJackReed,Other,24,17,0.202247,0.046761,0.001175,0.397985,0.001289
238,RepMichaelGuest,Republican,27,21,0.200837,0.126021,0.00071,0.437673,0.051326
172,RepJohnCurtis,Republican,19,18,0.2,0.111913,0.002023,0.437269,0.008363
341,RepGwenMoore,Democrat,40,41,0.19888,0.190395,0.00543,0.457088,0.008257
430,RepGregSteube,Republican,36,13,0.197987,0.063699,0.00072,0.409326,0.017481
175,RodneyDavis,Republican,51,33,0.197943,0.38184,0.004781,0.466077,0.102728
52,Sen_JoeManchin,Other,31,8,0.196481,0.046068,0.001299,0.359636,0.002388
350,RepTroyNehls,Republican,39,79,0.196481,0.359787,0.007092,0.522602,0.073552
275,USRepKeating,Democrat,14,28,0.196429,0.164743,0.001255,0.444653,0.008981
169,RepAngieCraig,Democrat,51,13,0.195783,0.044222,0.002193,0.40968,0.001873
66,SenatorRisch,Other,33,26,0.195652,0.216434,0.002799,0.390123,0.005075
212,RepRubenGallego,Democrat,33,34,0.194805,0.115583,0.002148,0.45057,0.004997
359,RepBurgessOwens,Republican,17,16,0.194444,0.06798,0.001086,0.431301,0.017658
211,RepGallagher,Republican,39,31,0.194346,0.144688,0.005819,0.458858,0.023969
35,MartinHeinrich,Other,31,26,0.193548,0.119525,0.0034,0.419469,0.002104
108,RepKarenBass,Democrat,17,4,0.192661,0.022274,0.00021,0.364615,0.001603
426,RepPeteStauber,Republican,27,20,0.19244,0.178351,0.002023,0.421708,0.051534
161,Rep_Clyde,Republican,25,40,0.192429,0.333479,0.0014,0.472582,0.147104
313,RepMalinowski,Democrat,42,29,0.191176,0.127552,0.003543,0.454458,0.007488
358,Ilhan,Democrat,23,27,0.189922,0.170418,0.000973,0.420959,0.005397
239,RepGuthrie,Republican,18,13,0.189055,0.152922,0.00071,0.39599,0.044029
231,RepGarretGraves,Republican,29,4,0.188811,0.011389,0.000573,0.405822,0.007
13,SenatorCarper,Other,25,18,0.188679,0.081613,0.001409,0.39599,0.002001
351,RepNewhouse,Republican,35,25,0.188506,0.129395,0.002265,0.437269,0.035453
417,RepAdrianSmith,Republican,28,66,0.188073,0.368459,0.006092,0.497899,0.071636
360,CongPalazzo,Republican,18,17,0.18797,0.067628,0.000468,0.40968,0.026153
45,SenAngusKing,Other,17,10,0.187919,0.030412,0.000848,0.377389,0.000747
449,RepMikeTurner,Republican,28,19,0.1875,0.184252,0.002282,0.426643,0.030911
457,RepWalberg,Republican,24,7,0.1875,0.04204,0.000253,0.388525,0.017386
37,maziehirono,Other,24,24,0.187234,0.076933,0.001298,0.41652,0.001555
374,repmarkpocan,Democrat,25,46,0.186782,0.246527,0.002176,0.456208,0.008365
150,RepCawthorn,Republican,26,29,0.185185,0.133755,0.000788,0.422084,0.056316
372,chelliepingree,Democrat,26,32,0.183976,0.119125,0.002972,0.461538,0.006832
441,RepTimmons,Republican,15,27,0.183206,0.148616,0.000731,0.436063,0.040871
160,WhipClyburn,Democrat,39,53,0.180851,0.222611,0.005228,0.470238,0.005456
53,SenMarkey,Other,43,25,0.179798,0.121965,0.00262,0.430909,0.003114
18,SenCortezMasto,Other,20,25,0.178404,0.098611,0.000975,0.403404,0.001658
138,RepCarbajal,Democrat,43,24,0.177966,0.114036,0.003051,0.440111,0.003411
130,RepKenBuck,Republican,30,50,0.1777,0.302339,0.004052,0.476382,0.060301
330,RepGregoryMeeks,Democrat,28,23,0.177258,0.123883,0.002659,0.437269,0.006194
315,RepMaloney,Democrat,59,65,0.175292,0.290487,0.011575,0.47495,0.008907
408,BobbyScott,Democrat,26,32,0.174863,0.208358,0.004359,0.438078,0.005008
25,SenatorDurbin,Other,41,40,0.174487,0.167728,0.004577,0.439703,0.003408
223,RepTonyGonzales,Republican,38,27,0.173913,0.178235,0.004401,0.475904,0.06185
188,RepDonaldsPress,Republican,54,86,0.173554,0.620784,0.009051,0.53139,0.157533
27,SenFeinstein,Other,48,26,0.173367,0.125915,0.005353,0.403404,0.001816
158,RepBenCline,Republican,24,2,0.17284,0.005786,3.4e-05,0.317269,0.001644
81,SenThomTillis,Other,16,13,0.172727,0.078463,0.000382,0.372349,0.001298
332,RepGraceMeng,Democrat,34,27,0.172535,0.11439,0.002622,0.421708,0.002595
73,SenatorTimScott,Other,38,22,0.172485,0.070705,0.004247,0.417621,0.003129
261,RepJacobs,Republican,21,46,0.171875,0.245376,0.001054,0.454894,0.057956
473,RepJohnYarmuth,Democrat,20,5,0.171642,0.012695,0.000457,0.404782,0.002341
191,DrNealDunnFL2,Republican,16,13,0.171642,0.050142,0.000204,0.408973,0.016252
331,RepMeijer,Republican,32,31,0.171004,0.145472,0.003171,0.48073,0.014987
242,RepHartzler,Republican,38,68,0.170807,0.361151,0.003747,0.506952,0.10675
335,RepMMM,Republican,56,91,0.169841,0.728135,0.017753,0.541714,0.168138
246,CongressmanHice,Republican,29,59,0.169291,0.536958,0.002245,0.502119,0.214251
326,RepMcEachin,Democrat,22,28,0.169231,0.142583,0.001341,0.437673,0.005051
305,RepTedLieu,Democrat,35,50,0.168254,0.239112,0.003785,0.475426,0.008553
206,virginiafoxx,Republican,24,14,0.167442,0.089668,0.000489,0.399326,0.018713
333,RepMeuser,Republican,20,8,0.166667,0.050546,0.000706,0.386308,0.008236
389,RepChipRoy,Republican,55,84,0.165984,0.951853,0.01177,0.528428,0.267568
407,AustinScottGA08,Republican,20,9,0.165414,0.029298,0.00093,0.392709,0.012206
26,SenJoniErnst,Other,52,24,0.165192,0.164939,0.004575,0.391736,0.004963
251,RepAshleyHinson,Republican,29,18,0.165085,0.149397,0.002676,0.442164,0.044967
133,RepTimBurchett,Republican,22,15,0.165,0.066836,0.000495,0.420586,0.011691
40,JimInhofe,Other,28,18,0.164912,0.079234,0.001927,0.381335,0.005576
228,RepGosar,Republican,25,22,0.164596,0.096089,0.00041,0.423971,0.03992
235,RepMGriffith,Republican,14,4,0.163934,0.010826,0.000102,0.387255,0.003845
200,RepDrewFerguson,Republican,19,22,0.163399,0.098255,0.001174,0.432482,0.026803
273,RepJohnJoyce,Republican,19,5,0.163121,0.018683,0.000336,0.375594,0.006858
177,RepPeterDeFazio,Democrat,30,30,0.162577,0.150114,0.003353,0.451859,0.008301
369,RepScottPeters,Democrat,21,18,0.162304,0.075248,0.001803,0.415425,0.002572
10,SenatorCantwell,Other,18,9,0.161111,0.024251,0.000218,0.351632,0.000307
92,RepAdams,Democrat,44,94,0.161074,0.616822,0.012467,0.534386,0.031226
190,RepJeffDuncan,Republican,37,120,0.16095,0.609875,0.007466,0.520307,0.14147
93,Robert_Aderholt,Republican,13,6,0.16,0.02193,0.000302,0.387889,0.01046
267,RepEBJ,Democrat,15,20,0.15942,0.0647,0.000419,0.425112,0.00248
117,RepLBR,Democrat,27,35,0.159159,0.209657,0.001951,0.434066,0.003241
272,RepDaveJoyce,Republican,21,41,0.15859,0.176945,0.003295,0.495298,0.02949
209,RepRussFulcher,Republican,22,15,0.157895,0.057531,0.001145,0.411458,0.019349
214,RepGarbarino,Republican,23,33,0.157407,0.169379,0.003107,0.474,0.020068
39,SenHydeSmith,Other,13,19,0.157025,0.072969,0.00039,0.392384,0.002762
263,RepJayapal,Democrat,56,64,0.156794,0.471149,0.007425,0.49375,0.021008
14,SenBobCasey,Other,27,24,0.155309,0.108316,0.001907,0.403748,0.001485
124,RepKevinBrady,Republican,26,9,0.155303,0.055153,0.000973,0.385053,0.011968
320,DorisMatsui,Democrat,17,18,0.154589,0.065421,0.001198,0.419098,0.002783
163,TomColeOK04,Republican,18,7,0.153374,0.074477,0.000466,0.382258,0.021391
192,RepTomEmmer,Republican,43,105,0.151575,0.711009,0.012652,0.530795,0.137371
215,RepChuyGarcia,Democrat,45,76,0.151107,0.60998,0.006696,0.519737,0.025281
234,RepMTG,Republican,33,26,0.150812,0.197826,0.003261,0.465162,0.067246
33,SenatorHassan,Other,24,16,0.150602,0.049943,0.001374,0.395659,0.001674
276,RepFredKeller,Republican,29,41,0.15015,0.224879,0.002548,0.442577,0.07977
421,RepSpanberger,Democrat,56,43,0.149635,0.173971,0.010911,0.50587,0.020902
201,RepFischbach,Republican,17,17,0.149485,0.072097,0.000369,0.433272,0.029465
116,RepDanBishop,Republican,41,55,0.149341,0.387394,0.003036,0.464706,0.145091
142,RepAndreCarson,Democrat,21,26,0.149171,0.08946,0.000814,0.438483,0.003972
249,RepFrenchHill,Republican,23,27,0.14902,0.15643,0.003019,0.461988,0.030019
221,RepGolden,Democrat,17,14,0.148936,0.056189,0.001112,0.412174,0.002438
418,RepJasonSmith,Republican,25,19,0.148571,0.093784,0.000878,0.412533,0.014667
387,RepDeborahRoss,Democrat,22,37,0.148325,0.235172,0.001394,0.454458,0.015086
318,RepThomasMassie,Republican,41,53,0.147783,0.526901,0.004397,0.468379,0.140723
137,RepKatCammack,Republican,49,76,0.14658,0.515822,0.010075,0.512987,0.118849
466,RepSusanWild,Democrat,26,20,0.145985,0.091176,0.001365,0.419841,0.003364
2,SenatorBennet,Democrat,22,33,0.144414,0.18804,0.003489,0.432088,0.006197
4,SenBlumenthal,Democrat,35,30,0.144161,0.101221,0.002139,0.417254,0.001821
82,SenToomey,Other,16,8,0.143498,0.034938,0.000471,0.36294,0.000462
385,RepJohnRose,Republican,20,108,0.142857,0.580376,0.00332,0.502119,0.118069
165,GerryConnolly,Democrat,38,29,0.142544,0.105165,0.003242,0.485656,0.008487
324,RepLisaMcClain,Republican,34,72,0.141732,0.430946,0.003984,0.496335,0.116247
8,SenatorBraun,Other,29,36,0.141667,0.204585,0.005824,0.459302,0.017674
69,marcorubio,Other,34,5,0.141524,0.011507,0.001101,0.342733,0.000469
63,SenGaryPeters,Other,24,10,0.141304,0.046434,0.00057,0.375892,0.000778
21,MikeCrapo,Other,17,25,0.141221,0.154779,0.001247,0.38474,0.004029
16,ChrisCoons,Other,26,12,0.139818,0.076844,0.000852,0.38474,0.00132
122,RepBowman,Democrat,39,41,0.139262,0.184077,0.003111,0.448015,0.006081
428,RepStefanik,Republican,68,58,0.138686,0.399143,0.011827,0.504792,0.134916
193,RepEscobar,Democrat,35,49,0.138672,0.187222,0.004097,0.475904,0.005759
339,RepBarryMoore,Republican,29,33,0.138614,0.161112,0.000958,0.442577,0.068375
141,RepJerryCarl,Republican,20,29,0.1375,0.157051,0.000626,0.433272,0.046271
139,RepCardenas,Democrat,37,61,0.136364,0.377162,0.006144,0.48073,0.011401
378,RepMikeQuigley,Democrat,42,24,0.136364,0.116936,0.002634,0.432482,0.006421
148,USRepKCastor,Democrat,51,49,0.136042,0.25178,0.004573,0.458858,0.005618
86,SenatorWarnock,Other,33,11,0.135857,0.032458,0.001682,0.395,0.001624
186,RepDebDingell,Democrat,28,15,0.135294,0.046238,0.001055,0.407567,0.001767
51,SenLummis,Other,22,20,0.135135,0.217645,0.002287,0.380112,0.002261
380,GReschenthaler,Republican,42,31,0.134663,0.154074,0.003177,0.453155,0.046524
293,RepJohnLarson,Democrat,31,30,0.133903,0.150701,0.00176,0.431694,0.003669
344,RepGregMurphy,Republican,33,19,0.133705,0.128135,0.001191,0.416155,0.033381
382,RepTomRice,Republican,20,74,0.133333,0.350564,0.00432,0.490683,0.059993
338,RepAlexMooney,Republican,22,29,0.133028,0.1252,0.000921,0.458414,0.031909
127,RepShontelBrown,Democrat,30,31,0.132979,0.161008,0.00205,0.45229,0.011267
302,RepJuliaLetlow,Republican,21,14,0.131687,0.053728,0.001026,0.40617,0.021741
151,RepSteveChabot,Republican,12,25,0.131148,0.13013,0.002082,0.438078,0.015323
452,RepBethVanDuyne,Republican,35,68,0.130915,0.500414,0.005917,0.501587,0.102607
349,RepJoeNeguse,Democrat,37,39,0.130233,0.229531,0.00583,0.448864,0.005556
38,SenJohnHoeven,Other,16,14,0.130208,0.051419,0.00067,0.376489,0.002584
414,RepSires,Democrat,8,8,0.130081,0.031199,0.000276,0.394015,0.004511
143,RepBuddyCarter,Republican,42,67,0.128964,0.470441,0.009922,0.498947,0.116354
12,SenatorCardin,Other,25,37,0.128552,0.445467,0.003692,0.446748,0.023555
6,CoryBooker,Other,19,4,0.128205,0.033184,0.000621,0.347507,0.000544
343,RepMullin,Republican,33,50,0.127219,0.26307,0.003857,0.461538,0.09003
336,RepCarolMiller,Republican,18,24,0.126984,0.123226,0.002363,0.438078,0.03245
443,RepRashida,Democrat,17,31,0.125506,0.204407,0.000465,0.438483,0.006582
100,RepCindyAxne,Democrat,17,9,0.125448,0.038647,0.000736,0.390767,0.006884
58,ChrisMurphyCT,Other,41,38,0.125163,0.212368,0.008631,0.476382,0.005811
77,SenStabenow,Other,31,31,0.12474,0.13709,0.002739,0.402377,0.001603
371,RepDeanPhillips,Democrat,27,38,0.124514,0.13855,0.00505,0.491701,0.013174
262,RepSaraJacobs,Democrat,28,36,0.123944,0.199332,0.002304,0.454023,0.007057
384,RepMikeRogersAL,Republican,23,16,0.12369,0.136251,0.000694,0.415789,0.052157
64,senrobportman,Other,42,24,0.123656,0.122357,0.003237,0.401015,0.003043
391,RepRaulRuizMD,Democrat,32,19,0.123563,0.103616,0.001282,0.415789,0.001644
258,repdarrellissa,Republican,23,1,0.123506,0.00107,3.9e-05,0.309399,8.3e-05
300,RepTeresaLF,Democrat,23,14,0.12336,0.060785,0.001057,0.441752,0.003899
205,RepBillFoster,Democrat,22,53,0.122931,0.340711,0.00246,0.470705,0.012682
194,RepAnnaEshoo,Democrat,11,17,0.122807,0.068726,0.000589,0.405822,0.002765
398,RepSarbanes,Democrat,12,17,0.122727,0.103824,0.000804,0.413974,0.004353
23,SteveDaines,Other,27,24,0.122642,0.105728,0.003377,0.412174,0.006467
210,RepMattGaetz,Republican,18,20,0.122642,0.221642,0.00076,0.443405,0.080111
268,RepHankJohnson,Democrat,32,43,0.121519,0.233576,0.001972,0.454023,0.006781
327,RepMcGovern,Democrat,44,44,0.121442,0.223192,0.005697,0.494781,0.014136
303,RepAndyLevin,Democrat,66,97,0.120654,0.632702,0.015542,0.519737,0.020998
458,RepWalorski,Republican,14,7,0.120301,0.02531,0.000288,0.375297,0.003443
74,SenatorShaheen,Other,32,37,0.120056,0.212465,0.003578,0.425876,0.00336
176,RepDean,Democrat,14,29,0.118943,0.166918,0.000738,0.472582,0.007727
156,RepYvetteClarke,Democrat,27,56,0.118343,0.321505,0.003476,0.470705,0.010632
468,RepRWilliams,Republican,17,17,0.117949,0.113674,0.000207,0.41039,0.038265
59,PattyMurray,Other,42,41,0.117876,0.182477,0.004868,0.438078,0.004093
257,RepHuizenga,Republican,21,40,0.117647,0.365061,0.001266,0.458858,0.058457
85,MarkWarner,Other,28,28,0.117241,0.167251,0.002409,0.410745,0.002191
427,RepSteel,Republican,23,31,0.117166,0.174723,0.002773,0.444653,0.032517
439,RepThompson,Democrat,53,33,0.116809,0.175186,0.007614,0.47495,0.007607
162,RepCohen,Democrat,32,32,0.11597,0.313513,0.004677,0.48318,0.027751
431,RepHaleyStevens,Democrat,22,50,0.115702,0.309482,0.001981,0.475904,0.013689
55,SenJeffMerkley,Other,30,52,0.115584,0.409429,0.003744,0.450999,0.008462
447,RepLoriTrahan,Democrat,28,25,0.114943,0.111841,0.002621,0.449715,0.00608
410,RepTerriSewell,Democrat,29,16,0.11465,0.058457,0.001676,0.413974,0.001935
147,RepCasten,Democrat,51,97,0.114572,0.814185,0.010616,0.512987,0.029123
198,RepPatFallon,Republican,37,28,0.114519,0.170871,0.002347,0.44052,0.062923
444,RepPaulTonko,Democrat,19,10,0.114407,0.050345,0.000683,0.380417,0.000721
252,RepHorsford,Democrat,14,9,0.114286,0.033992,0.000212,0.382876,0.000932
104,RepBalderson,Republican,20,16,0.113074,0.11807,0.000498,0.411458,0.047495
265,RepBillJohnson,Republican,18,15,0.112745,0.095564,0.00085,0.41039,0.020157
294,boblatta,Republican,27,27,0.112717,0.167661,0.002118,0.44093,0.037285
32,SenatorHagerty,Other,35,41,0.111732,0.251615,0.004461,0.44052,0.013194
355,EleanorNorton,Democrat,25,17,0.111111,0.073441,0.001659,0.432482,0.007468
404,RepSchrader,Democrat,4,4,0.110092,0.016136,8.9e-05,0.367157,0.002669
256,RepHuffman,Democrat,18,38,0.109804,0.155837,0.002089,0.457971,0.006015
311,RepElaineLuria,Democrat,24,14,0.109442,0.181081,0.002246,0.417989,0.005174
277,MikeKellyPA,Republican,26,19,0.108303,0.12775,0.001174,0.430518,0.048489
115,SanfordBishop,Democrat,8,6,0.107843,0.015038,0.000159,0.376789,0.002182
106,RepAndyBarr,Republican,15,14,0.106312,0.085422,0.00046,0.40617,0.027651
420,RepDarrenSoto,Democrat,26,36,0.105546,0.156965,0.005522,0.493236,0.020879
184,RepTedDeutch,Democrat,27,10,0.104575,0.069471,0.001194,0.380723,0.003648
469,RepWilson,Democrat,24,41,0.103896,0.176828,0.00175,0.445908,0.00531
22,SenTedCruz,Other,44,21,0.103743,0.089863,0.005708,0.44717,0.016099
67,SenatorRomney,Other,17,4,0.103627,0.017409,0.000204,0.331469,0.000453
357,JayObernolte,Republican,11,12,0.10274,0.119156,0.000434,0.39206,0.018485
152,RepLizCheney,Republican,15,7,0.102273,0.026855,0.000319,0.380723,0.001893
103,RepJimBaird,Republican,11,58,0.102041,0.285482,0.00188,0.476382,0.063068
279,RepRoKhanna,Democrat,33,44,0.101754,0.291977,0.005207,0.494781,0.013141
28,SenatorFischer,Other,8,20,0.10084,0.072658,0.000638,0.411816,0.003391
244,repkevinhern,Republican,27,66,0.099432,0.369131,0.001492,0.478788,0.132961
319,RepBrianMast,Republican,35,12,0.099415,0.034343,0.001443,0.425112,0.009816
68,SenJackyRosen,Other,24,29,0.099187,0.231157,0.002304,0.413613,0.003401
309,RepFrankLucas,Republican,9,16,0.098592,0.075484,0.000823,0.403061,0.020054
368,RepPerlmutter,Democrat,16,35,0.098113,0.146912,0.002602,0.448864,0.00522
131,RepLarryBucshon,Republican,11,7,0.097902,0.030712,0.000146,0.404092,0.015422
415,RepSlotkin,Democrat,24,15,0.097633,0.049841,0.00142,0.403748,0.003188
406,RepDavid,Republican,12,27,0.097561,0.133332,0.001572,0.442991,0.035214
7,JohnBoozman,Other,26,28,0.097152,0.183854,0.003264,0.427412,0.009229
224,RepJenniffer,Republican,16,33,0.097122,0.216321,0.002343,0.478788,0.014564
79,SenatorTester,Other,32,33,0.09707,0.197222,0.004498,0.423214,0.00365
20,SenKevinCramer,Other,24,18,0.096471,0.078961,0.001363,0.388525,0.00338
88,SenWhitehouse,Other,36,29,0.09621,0.182391,0.002774,0.412533,0.003406
78,SenDanSullivan,Other,11,10,0.096154,0.067992,0.000658,0.369447,0.001652
110,RepBera,Democrat,16,18,0.09589,0.067855,0.001604,0.429348,0.003805
203,RepChuck,Republican,18,16,0.095785,0.067655,0.000721,0.406867,0.018875
412,RepSherrill,Democrat,20,9,0.095607,0.033851,0.001187,0.390123,0.001023
119,RepBonamici,Democrat,35,62,0.09538,0.443782,0.005912,0.491192,0.012396
94,RepPeteAguilar,Democrat,8,12,0.095238,0.066207,0.000952,0.387572,0.000722
1,SenJohnBarrasso,Republican,19,22,0.094637,0.129438,0.001066,0.411458,0.004573
340,RepBlakeMoore,Republican,17,20,0.093985,0.138079,0.001918,0.431694,0.026002
295,RepLaTurner,Republican,20,18,0.09375,0.073606,0.001404,0.411458,0.024909
362,USRepGaryPalmer,Republican,16,14,0.093137,0.051457,0.000759,0.407917,0.018586
166,RepLouCorrea,Democrat,10,3,0.090909,0.007139,0.000142,0.355322,0.000571
243,RepJahanaHayes,Democrat,21,16,0.090698,0.063319,0.000679,0.415061,0.001612
301,RepDLesko,Republican,34,62,0.090667,0.359157,0.003129,0.464706,0.106144
5,RoyBlunt,Other,12,11,0.090551,0.049771,0.000515,0.369159,0.000779
36,SenatorHick,Other,12,14,0.090439,0.090564,0.000513,0.377389,0.00186
474,RepLeeZeldin,Republican,25,3,0.090361,0.006793,0.000222,0.375892,0.002734
123,CongBoyle,Democrat,5,8,0.090323,0.036117,8.3e-05,0.394671,0.001326
392,Call_Me_Dutch,Democrat,12,23,0.089888,0.167077,0.000631,0.434464,0.005975
11,SenCapito,Other,22,29,0.089613,0.151928,0.002421,0.407567,0.004611
57,lisamurkowski,Other,24,18,0.088652,0.149878,0.001247,0.380112,0.001807
352,RepMarieNewman,Democrat,30,25,0.086873,0.097839,0.000653,0.425876,0.003444
345,RepStephMurphy,Democrat,12,16,0.084507,0.099805,0.000944,0.400338,0.004892
97,RepArmstrongND,Republican,15,18,0.084444,0.118981,0.000636,0.423214,0.033084
44,SenJohnKennedy,Other,18,4,0.083893,0.007908,0.000329,0.377689,0.002845
134,michaelcburgess,Republican,26,71,0.082667,0.461579,0.007127,0.509677,0.082138
107,RepBarragan,Democrat,19,47,0.08254,0.215371,0.002812,0.480243,0.007921
174,WarrenDavidson,Republican,23,23,0.082218,0.109784,0.001459,0.464706,0.036977
287,RepAnnieKuster,Democrat,15,18,0.081699,0.103146,0.001122,0.420213,0.002464
288,RepDavidKustoff,Republican,13,19,0.081633,0.077061,0.000352,0.427412,0.018853
253,RepHoulahan,Democrat,21,24,0.081461,0.101651,0.001882,0.44717,0.005929
465,RepWexton,Democrat,14,19,0.080537,0.050695,0.000421,0.428959,0.003588
0,SenatorBaldwin,Democrat,20,26,0.08,0.119889,0.001093,0.407216,0.002298
259,JacksonLeeTX18,Democrat,24,9,0.079518,0.020873,0.000699,0.411101,0.001021
317,RepKManning,Democrat,18,20,0.07837,0.088283,0.000476,0.411458,0.002813
196,RepRonEstes,Republican,7,2,0.078125,0.006739,3.3e-05,0.322668,7.4e-05
233,RepMarkGreen,Republican,27,37,0.077882,0.287446,0.002967,0.471173,0.043514
377,RepDavidEPrice,Democrat,9,20,0.077586,0.104941,0.000733,0.425876,0.009163
284,RepRonKind,Democrat,10,7,0.077465,0.025711,0.000297,0.37619,0.001632
15,SenBillCassidy,Other,36,21,0.077247,0.139158,0.00288,0.390123,0.004223
365,BillPascrell,Democrat,35,27,0.076549,0.178653,0.002446,0.426259,0.005755
460,RepDWStweets,Democrat,16,46,0.076453,0.178373,0.002362,0.482197,0.010234
411,BradSherman,Democrat,15,11,0.075893,0.050471,0.000748,0.388206,0.001268
99,RepAuchincloss,Democrat,14,16,0.075758,0.067078,0.001009,0.418358,0.002485
222,RepJimmyGomez,Democrat,26,39,0.075356,0.152693,0.002379,0.481707,0.015842
72,SenRickScott,Other,41,54,0.075145,0.527795,0.009662,0.476382,0.029472
170,RepCharlieCrist,Democrat,15,16,0.074803,0.060719,0.000639,0.407567,0.002678
173,RepDavids,Democrat,14,11,0.074627,0.07807,0.000754,0.393688,0.002898
54,SenatorMenendez,Other,38,51,0.074609,0.254597,0.007286,0.467456,0.005456
189,USRepMikeDoyle,Democrat,7,5,0.07438,0.018726,0.00015,0.36128,0.001073
297,RepAlLawsonJr,Democrat,8,3,0.074324,0.025453,3.7e-05,0.349815,0.001029
180,RepDelBene,Democrat,18,16,0.074157,0.073766,0.001364,0.410745,0.001782
281,RepDerekKilmer,Democrat,21,20,0.073497,0.133046,0.002473,0.431301,0.009308
312,RepNancyMace,Republican,31,35,0.073379,0.208669,0.005512,0.475426,0.032669
89,SenatorWicker,Other,30,43,0.073082,0.334405,0.006071,0.456208,0.019922
304,RepMikeLevin,Democrat,19,14,0.072254,0.059429,0.00113,0.413613,0.002617
114,RepGusBilirakis,Republican,17,11,0.072022,0.061859,0.000811,0.410745,0.025333
195,RepEspaillat,Democrat,24,15,0.071192,0.057609,0.001386,0.401695,0.001543
34,HawleyMO,Other,17,1,0.070621,0.005263,2e-05,0.272101,6.4e-05
442,repdinatitus,Democrat,28,47,0.070261,0.226025,0.005244,0.486653,0.011162
47,SenatorLankford,Other,25,22,0.070064,0.146165,0.001676,0.408621,0.009342
75,SenatorSinema,Other,18,10,0.069277,0.029168,0.000994,0.361556,0.000361
230,RepKayGranger,Republican,4,3,0.069231,0.007909,4.7e-05,0.345481,0.000606
409,PeteSessions,Republican,16,34,0.069079,0.299419,0.000607,0.453155,0.07969
3,MarshaBlackburn,Republican,38,18,0.068803,0.078533,0.002884,0.408269,0.004915
283,RepYoungKim,Republican,27,35,0.06874,0.20189,0.003949,0.471642,0.021978
463,PeterWelch,Democrat,7,11,0.067708,0.030455,0.00017,0.402036,0.001119
401,janschakowsky,Other,31,84,0.067696,0.594198,0.004103,0.495816,0.017948
299,RepSusieLee,Democrat,17,38,0.067416,0.244916,0.002806,0.462439,0.008938
204,RepFletcher,Democrat,15,20,0.067194,0.066604,0.001028,0.436464,0.003066
433,RepStricklandWA,Democrat,14,21,0.066421,0.108132,0.000898,0.44717,0.00406
250,jahimes,Other,9,15,0.065844,0.065171,0.001186,0.448864,0.007169
364,RepChrisPappas,Democrat,16,9,0.065527,0.109652,0.000664,0.383806,0.005488
43,SenMarkKelly,Other,19,6,0.065341,0.017865,0.00038,0.324658,0.000128
128,RepBrownley,Democrat,19,20,0.064865,0.063616,0.001192,0.456208,0.00343
454,RepVeasey,Democrat,10,16,0.064748,0.052371,0.000443,0.427798,0.003656
472,rep_stevewomack,Republican,19,35,0.064198,0.178751,0.00164,0.434464,0.039778
353,DonaldNorcross,Democrat,14,20,0.063366,0.080958,0.000453,0.431301,0.004045
30,LindseyGrahamSC,Other,29,32,0.062847,0.175073,0.003415,0.428184,0.00509
448,RepDavidTrone,Democrat,15,34,0.06213,0.14054,0.002168,0.461538,0.005882
459,michaelgwaltz,Other,19,21,0.061654,0.093431,0.001481,0.44382,0.020402
48,SenatorLeahy,Other,17,17,0.061584,0.081087,0.001103,0.395,0.001261
167,RepJimCosta,Democrat,23,38,0.060952,0.190326,0.004216,0.479272,0.007864
207,RepLoisFrankel,Democrat,25,40,0.060554,0.189578,0.002493,0.449289,0.0059
400,RepMGS,Democrat,21,72,0.060241,0.405218,0.002713,0.490683,0.013324
361,FrankPallone,Democrat,21,6,0.059968,0.016745,0.00058,0.368872,0.000448
213,RepGaramendi,Democrat,6,19,0.059701,0.094777,0.000351,0.419469,0.002927
62,RandPaul,Other,12,11,0.059553,0.044847,0.000571,0.378594,0.004482
149,JoaquinCastrotx,Democrat,45,53,0.059429,0.287031,0.006781,0.489164,0.016821
140,RepMikeCarey,Republican,20,35,0.059091,0.23876,0.001419,0.458414,0.113811
17,JohnCornyn,Other,51,72,0.058916,0.506804,0.016459,0.484168,0.046684
316,RepSeanMaloney,Democrat,8,5,0.058824,0.020024,0.000123,0.371182,0.00056
462,RepWebster,Republican,8,20,0.057692,0.071242,0.00028,0.440111,0.024795
282,RepAndyKimNJ,Democrat,11,11,0.057692,0.036521,0.000613,0.396321,0.002329
216,RepMikeGarcia,Republican,13,19,0.057471,0.079322,0.000444,0.420586,0.015658
217,RepSylviaGarcia,Democrat,14,25,0.056893,0.131093,0.000713,0.423592,0.003885
314,RepMalliotakis,Republican,12,20,0.056548,0.10283,0.000448,0.422837,0.032705
91,SenToddYoung,Other,16,33,0.05567,0.117468,0.00246,0.436464,0.006292
60,ossoff,Other,10,10,0.054348,0.028609,0.000258,0.375892,0.000587
453,RepJuanVargas,Democrat,15,32,0.052941,0.135189,0.000665,0.47495,0.006239
308,RepLowenthal,Democrat,15,8,0.052632,0.028124,0.000176,0.378292,0.000771
394,RepTimRyan,Democrat,15,27,0.052511,0.167319,0.001678,0.471642,0.008813
232,RepAlGreen,Democrat,7,9,0.052326,0.029026,0.00012,0.380112,0.000631
413,CongMikeSimpson,Republican,6,4,0.051136,0.021133,7.4e-05,0.374408,0.002975
435,RepSwalwell,Democrat,24,44,0.050351,0.248589,0.005484,0.500528,0.051646
334,RepKweisiMfume,Democrat,6,9,0.05,0.055823,0.000201,0.388206,0.002393
227,Lancegooden,Republican,14,0,0.048518,0,0.0,0.0,0.0
96,RepColinAllred,Democrat,18,17,0.048387,0.092226,0.001204,0.417254,0.005123
381,RepKathleenRice,Democrat,10,21,0.048035,0.125296,0.000952,0.424351,0.003495
325,BettyMcCollum04,Democrat,19,41,0.047855,0.190243,0.00206,0.465162,0.00561
182,RepValDemings,Democrat,29,6,0.04716,0.022605,0.000744,0.356123,0.000817
363,RepJimmyPanetta,Democrat,15,6,0.046997,0.034879,0.000584,0.36128,0.001605
168,RepJoeCourtney,Democrat,12,7,0.046667,0.04498,0.000259,0.358277,0.0012
181,repdelgado,Other,14,6,0.046012,0.018506,0.000743,0.385993,0.0018
424,Rep_Stansbury,Other,22,54,0.045992,0.41161,0.003345,0.48318,0.010826
157,repcleaver,Democrat,15,37,0.045952,0.171767,0.001881,0.456208,0.006538
425,RepGregStanton,Democrat,6,6,0.045872,0.020205,0.000113,0.36294,0.000498
286,CongressmanRaja,Democrat,27,36,0.045263,0.13843,0.002904,0.467456,0.007059
366,RepDonaldPayne,Democrat,8,5,0.044534,0.022834,0.000127,0.365177,0.003051
225,RepGonzalez,Democrat,10,19,0.044355,0.067247,0.000913,0.44717,0.006751
126,RepAnthonyBrown,Democrat,18,74,0.044335,0.381303,0.002659,0.502651,0.014553
144,JudgeCarter,Republican,10,21,0.043771,0.074958,0.000547,0.433669,0.03454
390,RepRoybalAllard,Democrat,20,17,0.043478,0.089976,0.00063,0.403404,0.003493
356,RepOHalleran,Democrat,10,0,0.042802,0,0.0,0.0,0.0
111,RepDonBeyer,Democrat,39,109,0.042133,0.63722,0.010675,0.553738,0.041705
153,CongresswomanSC,Democrat,7,31,0.041667,0.123493,0.000675,0.429348,0.002937
183,RepDeSaulnier,Democrat,10,23,0.041451,0.12438,0.000537,0.443405,0.004983
291,JimLangevin,Democrat,15,23,0.041344,0.07794,0.00079,0.448439,0.003145
342,RepJoeMorelle,Democrat,12,13,0.039312,0.066141,0.000436,0.396985,0.00118
416,RepAdamSmith,Democrat,24,43,0.038551,0.26605,0.002731,0.454023,0.007165
419,RepSmucker,Republican,7,8,0.038168,0.030533,0.000266,0.397651,0.007447
397,RepLindaSanchez,Democrat,11,12,0.03681,0.062271,0.000207,0.4,0.002765
145,RepTroyCarter,Democrat,15,38,0.036741,0.231392,0.002202,0.473054,0.015633
445,NormaJTorres,Democrat,16,24,0.033645,0.093889,0.000814,0.426643,0.002627
306,USRepLong,Republican,10,23,0.03183,0.185878,0.000288,0.436063,0.078661
83,SenTuberville,Other,12,11,0.030675,0.036718,0.000825,0.41652,0.005655
146,RepEdCase,Democrat,7,4,0.030568,0.021149,0.000138,0.348786,0.00083
434,RepTomSuozzi,Democrat,5,0,0.030303,0,0.0,0.0,0.0
373,StaceyPlaskett,Democrat,8,25,0.03012,0.123114,0.00034,0.462439,0.007107
280,RepDanKildee,Democrat,7,4,0.02834,0.018445,0.000103,0.339056,0.000175
121,RepBourdeaux,Democrat,10,12,0.028169,0.066609,0.000589,0.388843,0.002017
229,RepJoshG,Democrat,17,53,0.02583,0.212811,0.004373,0.508584,0.012732
102,RepDonBacon,Republican,25,55,0.025424,0.42851,0.007353,0.519168,0.046276
292,RepRickLarsen,Democrat,13,60,0.024845,0.316145,0.002357,0.487654,0.01129
247,RepBrianHiggins,Democrat,10,8,0.022917,0.033745,0.000236,0.383185,0.000642
240,RepJoshHarder,Democrat,5,0,0.022642,0,0.0,0.0,0.0
285,RepKirkpatrick,Democrat,4,7,0.020833,0.028337,7.3e-05,0.380417,0.00054
197,RepDwightEvans,Democrat,20,63,0.018957,0.589224,0.002148,0.471642,0.012495
187,RepLloydDoggett,Democrat,9,7,0.015504,0.042299,4.4e-05,0.384428,0.00118
395,Kilili_Sablan,Democrat,1,1,0.009615,0.014388,1e-06,0.244961,9e-06
437,claudiatenney,Republican,2,37,0.002174,0.161365,7.6e-05,0.461538,0.035709
